,Year,Country,Happiness Score,GDP per capita,Social support,Healthy life expectancy,Freedom,Generosity,Family,Perceptions of corruption
311,2016,Denmark,7.526,1.44178,0.0,0.79504,0.57941,0.36171,1.16374,0.44453
368,2016,South Korea,5.835,1.35948,0.0,0.88645,0.25168,0.18824,0.72194,0.07716
367,2016,Poland,5.835,1.24585,0.0,0.69058,0.4519,0.14443,1.04685,0.055
366,2016,Russia,5.856,1.23228,0.0,0.58991,0.32682,0.02736,1.05261,0.03586
365,2016,Moldova,5.897,0.69177,0.0,0.52309,0.25202,0.19997,0.83132,0.01903
364,2016,Kazakhstan,5.919,1.22943,0.0,0.57386,0.4052,0.15011,0.95544,0.11132
363,2016,Japan,5.921,1.38007,0.0,0.91491,0.46761,0.10224,1.06054,0.18985
362,2016,Belize,5.956,0.87616,0.0,0.45569,0.51231,0.23684,0.68655,0.10771
361,2016,Ecuador,5.976,0.97306,0.0,0.68613,0.4027,0.10074,0.85974,0.18037
360,2016,Italy,5.977,1.35495,0.0,0.85102,0.18827,0.16684,1.04167,0.02556
359,2016,Uzbekistan,5.987,0.73591,0.0,0.50163,0.60848,0.34326,1.1681,0.28333
358,2016,Nicaragua,5.992,0.69384,0.0,0.65213,0.46582,0.29773,0.89521,0.16292
357,2016,Malaysia,6.005,1.25142,0.0,0.62366,0.39031,0.41474,0.88025,0.09081
356,2016,El Salvador,6.068,0.8737,0.0,0.596,0.37269,0.08877,0.80975,0.10613
355,2016,Slovakia,6.078,1.27973,0.0,0.70367,0.23391,0.13837,1.08268,0.02947
354,2016,Venezuela,6.084,1.13367,0.0,0.61904,0.19847,0.0425,1.03302,0.08304
369,2016,Bolivia,5.822,0.79422,0.0,0.4697,0.50961,0.21698,0.83779,0.07746
370,2016,Lithuania,5.813,1.2692,0.0,0.64674,0.18929,0.02025,1.06411,0.0182
371,2016,Belarus,5.802,1.13062,0.0,0.63104,0.29091,0.13942,1.04993,0.17457
372,2016,North Cyprus,5.771,1.31141,0.0,0.84142,0.43596,0.26322,0.81826,0.16578
388,2016,Turkey,5.389,1.16492,0.0,0.64718,0.23889,0.04707,0.87717,0.12348
387,2016,Kosovo,5.401,0.90145,0.0,0.54,0.14396,0.27992,0.66062,0.06547
386,2016,Somalia,5.44,0.0,0.0,0.11466,0.56778,0.27225,0.33613,0.3118
385,2016,Hong Kong,5.458,1.5107,0.0,0.95277,0.48079,0.40097,0.87021,0.31647
384,2016,Croatia,5.488,1.18649,0.0,0.70524,0.23907,0.18434,0.60809,0.04002
383,2016,Jamaica,5.51,0.89333,0.0,0.59469,0.43597,0.22245,0.96372,0.04294
382,2016,Estonia,5.517,1.27964,0.0,0.68098,0.41511,0.08423,1.05163,0.18519
353,2016,Trinidad and Tobago,6.168,1.32572,0.0,0.52608,0.48453,0.31935,0.98569,0.01241
381,2016,Romania,5.528,1.1697,0.0,0.67602,0.36712,0.12889,0.72803,0.00679
379,2016,Cyprus,5.546,1.31857,0.0,0.8488,0.29507,0.27906,0.70697,0.05228
378,2016,Latvia,5.56,1.21788,0.0,0.63952,0.27996,0.17445,0.95025,0.0889
377,2016,Libya,5.615,1.06688,0.0,0.52304,0.40672,0.17087,0.95076,0.10339
376,2016,Mauritius,5.648,1.14372,0.0,0.66189,0.46145,0.36951,0.75695,0.05203
375,2016,Turkmenistan,5.658,1.08017,0.0,0.44006,0.37408,0.22567,1.03817,0.28467
374,2016,Peru,5.743,0.99602,0.0,0.62994,0.37502,0.14527,0.81255,0.05292
373,2016,Slovenia,5.768,1.29947,0.0,0.79151,0.53164,0.25738,1.05613,0.03635
380,2016,Paraguay,5.538,0.89373,0.0,0.58295,0.46235,0.25296,1.11111,0.07396
352,2016,Bahrain,6.218,1.44024,0.0,0.65696,0.47375,0.17147,0.94397,0.25772
351,2016,Kuwait,6.239,1.61714,0.0,0.63569,0.43166,0.15965,0.87758,0.23669
350,2016,Suriname,6.269,1.09686,0.0,0.50933,0.52234,0.16665,0.77866,0.12692
329,2016,Ireland,6.907,1.48341,0.0,0.81455,0.54008,0.44963,1.16157,0.29754
328,2016,Belgium,6.929,1.42539,0.0,0.81959,0.51354,0.2424,1.05249,0.26248
327,2016,Brazil,6.952,1.08754,0.0,0.61415,0.40425,0.15776,1.03938,0.14166
326,2016,Germany,6.994,1.44787,0.0,0.81487,0.53466,0.30452,1.09774,0.28551
325,2016,Puerto Rico,7.039,1.35943,0.0,0.77758,0.46823,0.22202,1.08113,0.12275
324,2016,Costa Rica,7.087,1.06879,0.0,0.76146,0.55225,0.22553,1.02152,0.10547
323,2016,United States,7.104,1.50796,0.0,0.779,0.48163,0.41077,1.04782,0.14868
330,2016,Luxembourg,6.871,1.69752,0.0,0.84542,0.5487,0.27571,1.03999,0.35329
322,2016,Austria,7.119,1.45038,0.0,0.80565,0.54355,0.32865,1.08383,0.21348
320,2016,Sweden,7.291,1.45181,0.0,0.83121,0.58218,0.38254,1.08764,0.40867
319,2016,Australia,7.313,1.44443,0.0,0.8512,0.56837,0.47407,1.10476,0.32331
318,2016,New Zealand,7.334,1.36066,0.0,0.83096,0.58147,0.49401,1.17278,0.41904
317,2016,Netherlands,7.339,1.46468,0.0,0.81231,0.55211,0.47416,1.02912,0.29927
316,2016,Canada,7.404,1.44015,0.0,0.8276,0.5737,0.44834,1.0961,0.31329
315,2016,Finland,7.413,1.40598,0.0,0.81091,0.57104,0.25492,1.13464,0.41004
314,2016,Norway,7.498,1.57744,0.0,0.79579,0.59609,0.37895,1.1269,0.35776
321,2016,Israel,7.267,1.33766,0.0,0.84917,0.36432,0.32288,0.99537,0.08728
389,2016,Indonesia,5.314,0.95104,0.0,0.49374,0.39237,0.56521,0.87625,0.00322
331,2016,Mexico,6.778,1.11508,0.0,0.71143,0.37709,0.11735,0.7146,0.18355
333,2016,United Kingdom,6.725,1.40283,0.0,0.80991,0.50036,0.50156,1.08672,0.27399
349,2016,Guatemala,6.324,0.83454,0.0,0.54039,0.50379,0.28808,0.87119,0.08701
348,2016,Algeria,6.355,1.05266,0.0,0.61804,0.21006,0.07044,0.83309,0.16157
347,2016,Spain,6.361,1.34253,0.0,0.87896,0.37545,0.17665,1.12945,0.06137
346,2016,Qatar,6.375,1.82427,0.0,0.71723,0.56679,0.32388,0.87964,0.48049
345,2016,Taiwan,6.379,1.39729,0.0,0.79565,0.32377,0.25495,0.92624,0.0663
344,2016,Saudi Arabia,6.379,1.48953,0.0,0.59267,0.37904,0.15457,0.84829,0.30008
343,2016,Thailand,6.474,1.0893,0.0,0.64915,0.49553,0.58696,1.04477,0.02833
332,2016,Singapore,6.739,1.64555,0.0,0.94719,0.4877,0.32706,0.86758,0.46987
342,2016,France,6.478,1.39488,0.0,0.83795,0.46562,0.1216,1.00508,0.17808
340,2016,Malta,6.488,1.30782,0.0,0.80315,0.54994,0.56237,1.09879,0.17554
339,2016,Uruguay,6.545,1.18157,0.0,0.72183,0.54388,0.18056,1.03143,0.21394
338,2016,United Arab Emirates,6.573,1.57352,0.0,0.72993,0.56215,0.26591,0.87114,0.35561
337,2016,Czech Republic,6.596,1.30915,0.0,0.76376,0.41418,0.09929,1.00793,0.03986
336,2016,Argentina,6.65,1.15137,0.0,0.69711,0.42284,0.10989,1.06612,0.07296
335,2016,Panama,6.701,1.18306,0.0,0.70835,0.48927,0.2418,0.98912,0.08423
334,2016,Chile,6.705,1.2167,0.0,0.81883,0.37789,0.31595,0.90587,0.11451
341,2016,Colombia,6.481,1.03032,0.0,0.59659,0.44735,0.15626,1.02169,0.05399
390,2016,Jordan,5.303,0.99673,0.0,0.60712,0.36023,0.14262,0.86216,0.13297
313,2016,Iceland,7.501,1.42666,0.0,0.86733,0.56624,0.47678,1.18326,0.14975
392,2016,Philippines,5.279,0.81217,0.0,0.47036,0.54854,0.21674,0.87877,0.11757
448,2016,Comoros,3.956,0.27509,0.0,0.29981,0.15412,0.1827,0.60323,0.18437
447,2016,Botswana,3.974,1.09426,0.0,0.34752,0.44089,0.12425,0.89186,0.10769
446,2016,Haiti,4.028,0.34097,0.0,0.27494,0.12072,0.47958,0.29561,0.14476
445,2016,Mali,4.073,0.31292,0.0,0.16347,0.27544,0.21064,0.86333,0.13647
444,2016,Gabon,4.121,1.15851,0.0,0.3494,0.28098,0.06244,0.72368,0.09314
443,2016,Sudan,4.139,0.63069,0.0,0.29759,0.0,0.18077,0.81928,0.10039
442,2016,Malawi,4.156,0.08709,0.0,0.29364,0.4143,0.30968,0.147,0.07564
449,2016,Ivory Coast,3.916,0.55507,0.0,0.04476,0.40663,0.20338,0.57576,0.1553
441,2016,Zimbabwe,4.193,0.35041,0.0,0.1595,0.25429,0.18503,0.71478,0.08582
439,2016,Bulgaria,4.217,1.11306,0.0,0.67806,0.21219,0.12793,0.92542,0.00615
438,2016,Senegal,4.219,0.44314,0.0,0.40457,0.31056,0.19103,0.77416,0.11681
437,2016,Congo (Brazzaville),4.236,0.77109,0.0,0.28212,0.37938,0.12077,0.47799,0.09753
436,2016,Georgia,4.252,0.83792,0.0,0.64035,0.32461,0.06786,0.19249,0.3188
435,2016,Congo (Kinshasa),4.272,0.05661,0.0,0.188,0.15602,0.25458,0.80676,0.06075
434,2016,Ghana,4.276,0.63107,0.0,0.29681,0.40973,0.21203,0.49353,0.0326
433,2016,Ukraine,4.324,0.87287,0.0,0.58628,0.12859,0.20363,1.01413,0.01829
440,2016,Mauritania,4.201,0.61391,0.0,0.28639,0.1268,0.22686,0.84142,0.17955
432,2016,Kenya,4.356,0.52267,0.0,0.30147,0.40576,0.41328,0.7624,0.06686
450,2016,Cambodia,3.907,0.55604,0.0,0.42494,0.58852,0.40339,0.5375,0.08092
452,2016,Niger,3.856,0.1327,0.0,0.26162,0.38041,0.2097,0.6053,0.17176
391,2016,Azerbaijan,5.291,1.12373,0.0,0.54504,0.35327,0.0564,0.76042,0.17914
467,2016,Burundi,2.905,0.06831,0.0,0.15747,0.0432,0.2029,0.23442,0.09419
466,2016,Syria,3.069,0.74719,0.0,0.62994,0.06912,0.48397,0.14866,0.17233
465,2016,Togo,3.303,0.28123,0.0,0.24811,0.34678,0.17517,0.0,0.11587
464,2016,Afghanistan,3.36,0.38227,0.0,0.17344,0.1643,0.31268,0.11037,0.07112
463,2016,Benin,3.484,0.39499,0.0,0.21028,0.39747,0.2018,0.10419,0.06681
462,2016,Rwanda,3.515,0.32846,0.0,0.31865,0.5432,0.23552,0.61586,0.50521
451,2016,Angola,3.866,0.84731,0.0,0.04991,0.00589,0.12071,0.66366,0.08434
461,2016,Guinea,3.607,0.22415,0.0,0.18829,0.30953,0.29914,0.3109,0.1192
459,2016,Tanzania,3.666,0.47155,0.0,0.357,0.3176,0.31472,0.77623,0.05099
458,2016,Madagascar,3.695,0.27954,0.0,0.37109,0.13684,0.2204,0.46115,0.07506
457,2016,Yemen,3.724,0.57939,0.0,0.31048,0.2287,0.09821,0.47493,0.05892
456,2016,Uganda,3.739,0.34719,0.0,0.19625,0.43653,0.27102,0.90981,0.06442
455,2016,Burkina Faso,3.739,0.31995,0.0,0.21297,0.3337,0.24353,0.63054,0.12533
454,2016,Chad,3.763,0.42214,0.0,0.03824,0.12807,0.18667,0.63178,0.04952
453,2016,South Sudan,3.832,0.39394,0.0,0.15781,0.19662,0.25899,0.18519,0.13015
460,2016,Liberia,3.622,0.10706,0.0,0.23165,0.25748,0.24063,0.50353,0.04852
431,2016,Armenia,4.36,0.86086,0.0,0.64083,0.14037,0.07793,0.62477,0.03616
312,2016,Switzerland,7.509,1.52733,0.0,0.86303,0.58557,0.28083,1.14524,0.41203
429,2016,Myanmar,4.395,0.34112,0.0,0.3988,0.42692,0.81971,0.69981,0.20243
408,2016,Tunisia,5.045,0.97724,0.0,0.59577,0.23553,0.03936,0.43165,0.0817
407,2016,Somaliland Region,5.057,0.25558,0.0,0.33108,0.3913,0.51479,0.75862,0.36794
406,2016,Vietnam,5.061,0.74037,0.0,0.66157,0.55954,0.25075,0.79117,0.11556
405,2016,Macedonia,5.121,1.0193,0.0,0.64738,0.27668,0.23507,0.78236,0.07047
404,2016,Portugal,5.123,1.27607,0.0,0.79363,0.44727,0.11691,0.94367,0.01521
402,2016,Pakistan,5.132,0.68816,0.0,0.40306,0.14622,0.31185,0.26135,0.1388
401,2016,Hungary,5.145,1.24142,0.0,0.67608,0.1977,0.099,0.93164,0.04472
409,2016,Greece,5.033,1.24886,0.0,0.80029,0.05822,0.0,0.75473,0.04127
400,2016,Morocco,5.151,0.84058,0.0,0.59471,0.25646,0.04053,0.38595,0.08404
398,2016,Montenegro,5.161,1.07838,0.0,0.63533,0.15111,0.17191,0.74173,0.12721
397,2016,Bosnia and Herzegovina,5.163,0.93383,0.0,0.70766,0.09511,0.29889,0.64367,0.0
396,2016,Serbia,5.177,1.03437,0.0,0.6458,0.15718,0.20737,0.81329,0.04339
395,2016,Kyrgyzstan,5.185,0.56044,0.0,0.55449,0.40212,0.38432,0.95434,0.04762
394,2016,Bhutan,5.196,0.8527,0.0,0.49759,0.46074,0.48546,0.90836,0.1616
393,2016,China,5.245,1.0278,0.0,0.73561,0.44012,0.04959,0.79381,0.02745
430,2016,Egypt,4.362,0.95395,0.0,0.52116,0.18847,0.12706,0.49813,0.10393
399,2016,Dominican Republic,5.155,1.02787,0.0,0.57669,0.52259,0.21286,0.99496,0.12372
410,2016,Tajikistan,4.996,0.48835,0.0,0.53119,0.43408,0.25998,0.75602,0.13509
403,2016,Lebanon,5.129,1.12268,0.0,0.76171,0.26228,0.23693,0.64184,0.03061
412,2016,Laos,4.876,0.68042,0.0,0.38291,0.52168,0.43079,0.5497,0.22423
428,2016,India,4.404,0.74036,0.0,0.45091,0.40285,0.25028,0.29247,0.08722
411,2016,Mongolia,4.907,0.98853,0.0,0.55469,0.35972,0.34539,1.08983,0.03285
426,2016,South Africa,4.459,1.02416,0.0,0.18611,0.42483,0.13656,0.96053,0.08415
425,2016,Ethiopia,4.508,0.29283,0.0,0.34578,0.36703,0.29522,0.37932,0.1717
424,2016,Cameroon,4.513,0.52497,0.0,0.12698,0.42736,0.2268,0.62542,0.06126
423,2016,Namibia,4.574,0.93287,0.0,0.34745,0.48614,0.07795,0.70362,0.10398
422,2016,Iraq,4.575,1.07474,0.0,0.51076,0.24856,0.19589,0.59205,0.13636
421,2016,Sierra Leone,4.635,0.36485,0.0,0.0,0.30685,0.23897,0.628,0.08196
427,2016,Sri Lanka,4.415,0.97318,0.0,0.62007,0.50817,0.46978,0.84783,0.07964
419,2016,Albania,4.655,0.9553,0.0,0.73007,0.31866,0.1684,0.50163,0.05301
418,2016,Palestinian Territories,4.754,0.67024,0.0,0.56844,0.17744,0.11154,0.71629,0.10613
413,2016,Nigeria,4.875,0.75216,0.0,0.05108,0.27854,0.23219,0.64498,0.0305
417,2016,Nepal,4.793,0.44626,0.0,0.50073,0.37012,0.3816,0.69699,0.07008
416,2016,Zambia,4.795,0.61202,0.0,0.23573,0.42662,0.17866,0.6376,0.11479
415,2016,Iran,4.813,1.11758,0.0,0.64232,0.22544,0.38538,0.38857,0.0557
414,2016,Honduras,4.871,0.69429,0.0,0.58383,0.26755,0.2044,0.75596,0.06906
420,2016,Bangladesh,4.643,0.54177,0.0,0.52989,0.39778,0.19132,0.24749,0.12583
256,2017,South Africa,4.828999996,1.054698706,0.0,0.18708007,0.479246736,0.13936238,1.384788632,0.072509497
257,2017,Tunisia,4.804999828,1.007265806,0.0,0.613212049,0.28968069,0.049693357,0.86835146,0.086723149
258,2017,Palestinian Territories,4.775000095,0.716249228,0.0,0.565666974,0.254711062,0.114173174,1.155647159,0.089282602
259,2017,Egypt,4.735000134,0.989701807,0.0,0.520187259,0.282110155,0.128631443,0.997471392,0.114381365
260,2017,Bulgaria,4.714000225,1.161459088,0.0,0.70821768,0.289231718,0.113177694,1.434379458,0.011051531
261,2017,Sierra Leone,4.709000111,0.368420929,0.0,0.005564754,0.318697691,0.293040901,0.984136045,0.071095176
265,2017,Bangladesh,4.607999802,0.586682975,0.0,0.533241034,0.478356659,0.172255352,0.735131741,0.123717859
263,2017,Iran,4.691999912,1.156873107,0.0,0.639333189,0.249322608,0.387242913,0.711551249,0.048761073
264,2017,Albania,4.644000053,0.996192753,0.0,0.731159747,0.381498635,0.201312944,0.803685248,0.039864216
266,2017,Namibia,4.573999882,0.964434326,0.0,0.338611811,0.520303547,0.077133745,1.098470807,0.093146972
267,2017,Kenya,4.552999973,0.560479462,0.0,0.30998835,0.452763766,0.444860309,1.067950726,0.064641319
268,2017,Mozambique,4.550000191,0.23430565,0.0,0.106654435,0.480791092,0.322228104,0.870701015,0.179436386
269,2017,Myanmar,4.545000076,0.36711055,0.0,0.397522569,0.514492035,0.838075161,1.123235941,0.188816205
255,2017,Mongolia,4.954999924,1.027235866,0.0,0.557783484,0.394143969,0.33846423,1.493011236,0.032902289
262,2017,Cameroon,4.695000172,0.564305365,0.0,0.132892117,0.430388749,0.236298457,0.946018219,0.051306631
254,2017,Nepal,4.961999893,0.479820192,0.0,0.504130781,0.440305948,0.394096166,1.179283261,0.072975546
236,2017,Indonesia,5.262000084,0.995538592,0.0,0.492345721,0.443323463,0.611704588,1.274444699,0.015317135
252,2017,Bhutan,5.011000156,0.885416389,0.0,0.495879292,0.501537681,0.474054545,1.340126514,0.17338039
270,2017,Senegal,4.534999847,0.479309022,0.0,0.409362853,0.377922267,0.183468893,1.179691911,0.115460448
237,2017,Venezuela,5.25,1.128431201,0.0,0.617144227,0.153997123,0.06501963,1.431337595,0.064491123
238,2017,Montenegro,5.236999989,1.121129036,0.0,0.667464674,0.194989055,0.197911024,1.238376498,0.088174194
239,2017,Morocco,5.235000134,0.878114581,0.0,0.597710669,0.408158332,0.032209955,0.774864435,0.087763183
240,2017,Azerbaijan,5.234000206,1.153601766,0.0,0.540775776,0.398155838,0.04526934,1.152400255,0.180987507
241,2017,Dominican Republic,5.230000019,1.079373837,0.0,0.574873745,0.552589834,0.18696785,1.402416706,0.113945253
242,2017,Greece,5.227000237,1.289487481,0.0,0.810198903,0.095731251,0.0,1.239414573,0.043289777
253,2017,Kyrgyzstan,5.004000187,0.596220076,0.0,0.553457797,0.454943389,0.428580374,1.394238591,0.039439179
243,2017,Lebanon,5.224999905,1.074987531,0.0,0.735081077,0.288515985,0.264450759,1.129624248,0.03751383
245,2017,Bosnia and Herzegovina,5.18200016,0.982409418,0.0,0.705186307,0.204403177,0.328867495,1.069335938,0.0
246,2017,Honduras,5.181000233,0.730573118,0.0,0.58256948,0.34807986,0.236188874,1.143944979,0.073345453
247,2017,Macedonia,5.175000191,1.064577937,0.0,0.644948184,0.325905979,0.253760964,1.207893014,0.060277794
248,2017,Somalia,5.151000023,0.022643184,0.0,0.113989137,0.602126956,0.291631311,0.721151352,0.282410324
249,2017,Vietnam,5.073999882,0.788547575,0.0,0.652168989,0.571055591,0.234968051,1.277491331,0.087633237
250,2017,Nigeria,5.073999882,0.783756256,0.0,0.05691573,0.394952565,0.230947196,1.215770483,0.026121566
251,2017,Tajikistan,5.040999889,0.524713635,0.0,0.529235125,0.471566707,0.248997644,1.271463275,0.146377146
244,2017,Portugal,5.195000172,1.315175295,0.0,0.795843542,0.4984653,0.095102713,1.367043018,0.015869452
271,2017,Zambia,4.513999939,0.636406779,0.0,0.257835895,0.461603492,0.249580145,1.003187299,0.07821355
289,2017,Burkina Faso,4.032000065,0.350227714,0.0,0.215844259,0.324367851,0.250864685,1.043280005,0.120328106
273,2017,Gabon,4.465000153,1.198210239,0.0,0.356578588,0.312328577,0.043785378,1.155620217,0.076046787
294,2017,Lesotho,3.808000088,0.521021247,0.0,0.0,0.390661299,0.157497272,1.190095186,0.11909464
295,2017,Angola,3.795000076,0.85842818,0.0,0.049868666,0.0,0.09792649,1.10441196,0.069720335
296,2017,Afghanistan,3.79399991,0.401477218,0.0,0.180746779,0.10617952,0.311870933,0.581543326,0.06115783
297,2017,Botswana,3.766000032,1.122094154,0.0,0.341755509,0.505196333,0.099348448,1.221554995,0.098583199
298,2017,Benin,3.657000065,0.431085408,0.0,0.209930211,0.425962776,0.207948461,0.435299844,0.060929015
299,2017,Madagascar,3.644000053,0.305808693,0.0,0.375223309,0.189196765,0.20873253,0.913020372,0.067231975
300,2017,Haiti,3.602999926,0.368610263,0.0,0.27732113,0.030369857,0.489203781,0.640449822,0.09987215
293,2017,Zimbabwe,3.875,0.375846535,0.0,0.196763754,0.336384207,0.189143494,1.083095908,0.095375381
301,2017,Yemen,3.592999935,0.591683447,0.0,0.310080916,0.249463722,0.104125209,0.935382247,0.056767423
303,2017,Liberia,3.532999992,0.119041793,0.0,0.229918197,0.332881182,0.266549885,0.872117937,0.038948249
304,2017,Guinea,3.506999969,0.24454993,0.0,0.194129139,0.348587513,0.264815092,0.791244686,0.110937618
305,2017,Togo,3.494999886,0.305444717,0.0,0.247105569,0.380426139,0.196896151,0.43188253,0.095665015
306,2017,Rwanda,3.470999956,0.368745893,0.0,0.326424807,0.581843853,0.252756029,0.945707023,0.455220014
307,2017,Syria,3.461999893,0.777153134,0.0,0.500533342,0.081539445,0.493663728,0.396102607,0.151347131
308,2017,Tanzania,3.348999977,0.511135876,0.0,0.364509284,0.390017778,0.354256362,1.041989803,0.066035107
309,2017,Burundi,2.904999971,0.091622569,0.0,0.151610792,0.059900753,0.204435185,0.629793584,0.084147945
302,2017,South Sudan,3.59100008,0.397248626,0.0,0.163486004,0.147062436,0.285670817,0.601323128,0.116793513
272,2017,Iraq,4.497000217,1.102710485,0.0,0.50118047,0.288555533,0.199637264,0.978613198,0.107215755
292,2017,Chad,3.936000109,0.438012987,0.0,0.041134715,0.162342027,0.21611385,0.953855872,0.053581882
290,2017,Niger,4.027999878,0.161925331,0.0,0.268505007,0.363658696,0.228673846,0.993025005,0.138572946
274,2017,Ethiopia,4.460000038,0.339233845,0.0,0.353409708,0.408842742,0.31265074,0.864669204,0.165455714
275,2017,Sri Lanka,4.440000057,1.009850144,0.0,0.625130832,0.561213255,0.490863562,1.259976387,0.073653966
276,2017,Armenia,4.375999928,0.900596738,0.0,0.637524426,0.198303267,0.083488092,1.007483721,0.026674422
277,2017,India,4.315000057,0.792221248,0.0,0.455427617,0.469987005,0.231538489,0.754372597,0.092226885
278,2017,Mauritania,4.291999817,0.648457289,0.0,0.28534928,0.096098043,0.201870024,1.27203083,0.136957005
279,2017,Congo (Brazzaville),4.290999889,0.808964252,0.0,0.289957434,0.435025871,0.120852128,0.832044363,0.079618134
280,2017,Georgia,4.285999775,0.950612664,0.0,0.649546981,0.309410036,0.054008815,0.570614934,0.251666635
291,2017,Malawi,3.970000029,0.233442038,0.0,0.315089583,0.466914654,0.28717047,0.512568831,0.072711654
281,2017,Congo (Kinshasa),4.28000021,0.092102349,0.0,0.191407025,0.235961348,0.246455833,1.229023457,0.060241356
283,2017,Ivory Coast,4.179999828,0.603048921,0.0,0.04864217,0.447706193,0.20123747,0.90478003,0.130061775
284,2017,Cambodia,4.168000221,0.601765096,0.0,0.429783404,0.633375823,0.385922968,1.006238341,0.068105951
285,2017,Sudan,4.138999939,0.659516692,0.0,0.290920824,0.014995855,0.182317451,1.21400857,0.08984752
286,2017,Ghana,4.119999886,0.667224824,0.0,0.295637727,0.423026294,0.256923944,0.873664737,0.02533637
287,2017,Ukraine,4.096000195,0.894651949,0.0,0.575903952,0.122974776,0.270061463,1.394537568,0.023029471
288,2017,Uganda,4.080999851,0.381430715,0.0,0.217632607,0.443185955,0.325766057,1.129827738,0.057069719
235,2017,Pakistan,5.269000053,0.726883531,0.0,0.402047783,0.235215262,0.315446019,0.67269069,0.124348067
282,2017,Mali,4.190000057,0.476180494,0.0,0.169365674,0.306613743,0.183354199,1.281473398,0.104970247
234,2017,China,5.272999763,1.081165791,0.0,0.741415501,0.472787708,0.028806841,1.160837412,0.022794275
215,2017,Kazakhstan,5.818999767,1.28455627,0.0,0.606041551,0.437454283,0.201964423,1.384369016,0.119282886
232,2017,Croatia,5.293000221,1.222556233,0.0,0.701288521,0.255772293,0.248002976,0.967983007,0.04310311
175,2017,Chile,6.65199995,1.25278461,0.0,0.819479704,0.376895279,0.326662421,1.284024954,0.082287982
176,2017,United Arab Emirates,6.647999763,1.626343369,0.0,0.726798236,0.60834527,0.360941947,1.266410232,0.324489564
177,2017,Brazil,6.635000229,1.10735321,0.0,0.616552353,0.437453747,0.162349895,1.431306005,0.111092761
178,2017,Czech Republic,6.609000206,1.352682352,0.0,0.754444003,0.490946174,0.088106759,1.433885217,0.036872927
179,2017,Argentina,6.598999977,1.185295463,0.0,0.695137084,0.494519204,0.109457061,1.440451145,0.059739888
180,2017,Mexico,6.578000069,1.153183818,0.0,0.709978998,0.412730008,0.120990433,1.21086216,0.132774115
181,2017,Singapore,6.572000027,1.69227767,0.0,0.949492395,0.549840569,0.345965981,1.353814363,0.464307785
182,2017,Malta,6.52699995,1.343279839,0.0,0.821944237,0.588767052,0.574730575,1.488411665,0.153066069
183,2017,Uruguay,6.453999996,1.217559695,0.0,0.719216824,0.579392254,0.175096929,1.412227869,0.178061873
184,2017,Guatemala,6.453999996,0.872001946,0.0,0.54023999,0.531310618,0.283488393,1.255585194,0.077223279
185,2017,Panama,6.452000141,1.233748436,0.0,0.706156135,0.550026834,0.210556939,1.373192549,0.070983924
186,2017,France,6.441999912,1.430923462,0.0,0.844465852,0.470222116,0.129762307,1.387776852,0.172502428
187,2017,Thailand,6.423999786,1.127868772,0.0,0.647239029,0.580200732,0.57212311,1.425792456,0.031612735
188,2017,Taiwan Province of China,6.421999931,1.433626533,0.0,0.793984234,0.361466587,0.258360475,1.384565353,0.063829236
189,2017,Spain,6.402999878,1.384397864,0.0,0.8889606,0.40878123,0.190133572,1.532090902,0.070914097
174,2017,United Kingdom,6.714000225,1.44163394,0.0,0.805335939,0.508190036,0.492774159,1.49646008,0.265428066
173,2017,Luxembourg,6.862999916,1.741943598,0.0,0.845089495,0.596627891,0.283180982,1.457583666,0.318834424
172,2017,Belgium,6.890999794,1.463780761,0.0,0.818091869,0.539770722,0.231503338,1.462312698,0.251343131
171,2017,Germany,6.951000214,1.487923384,0.0,0.798950732,0.562511384,0.33626917,1.472520351,0.276731938
310,2017,Central African Republic,2.693000078,0.0,0.0,0.018772686,0.270842046,0.280876487,0.0,0.056565076
156,2017,Norway,7.537000179,1.616463184,0.0,0.796666503,0.635422587,0.362012237,1.53352356,0.315963835
157,2017,Denmark,7.521999836,1.482383013,0.0,0.792565525,0.626006722,0.355280489,1.551121593,0.400770068
158,2017,Iceland,7.504000187,1.48063302,0.0,0.833552122,0.627162635,0.475540221,1.610574007,0.153526559
159,2017,Switzerland,7.493999958,1.564979553,0.0,0.858131289,0.620070577,0.290549278,1.516911745,0.367007285
160,2017,Finland,7.468999863,1.443571925,0.0,0.80915767,0.617950857,0.245482773,1.540246725,0.382611543
161,2017,Netherlands,7.376999855,1.503944635,0.0,0.810696125,0.585384488,0.47048983,1.428939223,0.282661825
190,2017,Qatar,6.375,1.870765686,0.0,0.710098088,0.604130983,0.33047387,1.27429688,0.439299256
162,2017,Canada,7.315999985,1.479204416,0.0,0.834557652,0.611100912,0.435539722,1.481348991,0.287371516
164,2017,Sweden,7.28399992,1.494387269,0.0,0.830875158,0.612924099,0.385399252,1.478162169,0.384398729
165,2017,Australia,7.28399992,1.484414935,0.0,0.843886793,0.601607382,0.47769925,1.510041952,0.30118373
166,2017,Israel,7.212999821,1.375382423,0.0,0.838404,0.405988604,0.330082655,1.376289964,0.0852421
167,2017,Costa Rica,7.078999996,1.109706283,0.0,0.759509265,0.58013165,0.214613229,1.416403651,0.100106589
168,2017,Austria,7.006000042,1.487097263,0.0,0.815328419,0.56776619,0.316472322,1.459944963,0.221060365
169,2017,United States,6.993000031,1.546259284,0.0,0.774286628,0.505740523,0.392578781,1.419920564,0.135638788
170,2017,Ireland,6.977000237,1.535706639,0.0,0.809782624,0.573110342,0.427858323,1.558231115,0.298388153
163,2017,New Zealand,7.31400013,1.405706048,0.0,0.816759706,0.61406213,0.500005126,1.548195124,0.382816702
191,2017,Colombia,6.356999874,1.070622325,0.0,0.595027924,0.477487415,0.149014473,1.402182937,0.046668742
192,2017,Saudi Arabia,6.343999863,1.530623555,0.0,0.59014833,0.449750572,0.147616014,1.286677599,0.273432255
193,2017,Trinidad and Tobago,6.168000221,1.361355901,0.0,0.519983292,0.518630743,0.325296462,1.380228519,0.008964816
216,2017,North Cyprus,5.809999943,1.346911311,0.0,0.834647238,0.471203625,0.266845703,1.186303377,0.155353352
217,2017,Slovenia,5.757999897,1.341205955,0.0,0.790828228,0.572575808,0.242649093,1.452518821,0.045128979
218,2017,Peru,5.715000153,1.035225272,0.0,0.630166113,0.450002879,0.126819715,1.218770385,0.047049087
219,2017,Mauritius,5.629000187,1.189395547,0.0,0.638007462,0.491247326,0.360933751,1.20956099,0.042181555
220,2017,Cyprus,5.620999813,1.355938077,0.0,0.844714701,0.355111539,0.271254301,1.131363273,0.041237976
221,2017,Estonia,5.611000061,1.32087934,0.0,0.695168316,0.47913143,0.098890811,1.4766711,0.183248922
222,2017,Belarus,5.568999767,1.15655756,0.0,0.637714267,0.295400262,0.155137509,1.444945216,0.156313822
214,2017,Turkmenistan,5.822000027,1.130776763,0.0,0.43772608,0.418271929,0.249924988,1.493149161,0.25927034
223,2017,Libya,5.525000095,1.101803064,0.0,0.52016902,0.46573323,0.152073666,1.35756433,0.09261021
225,2017,Paraguay,5.493000031,0.932537317,0.0,0.579250693,0.473507792,0.224150658,1.50728488,0.091065913
226,2017,"Hong Kong S.A.R., China",5.472000122,1.551674843,0.0,0.943062425,0.490968645,0.374465793,1.262790918,0.293933749
227,2017,Philippines,5.429999828,0.857699215,0.0,0.468009055,0.585214674,0.193513423,1.253917575,0.099331893
228,2017,Serbia,5.394999981,1.069317579,0.0,0.650784671,0.208715528,0.220125884,1.258189797,0.040903781
229,2017,Jordan,5.335999966,0.991012394,0.0,0.604590058,0.418421149,0.17217046,1.239088893,0.119803272
230,2017,Hungary,5.323999882,1.286011934,0.0,0.687763453,0.175863519,0.078401662,1.343133092,0.036636937
231,2017,Jamaica,5.31099987,0.925579309,0.0,0.641022384,0.474307239,0.233818337,1.368218064,0.055267781
224,2017,Turkey,5.5,1.198274374,0.0,0.637605608,0.3007406,0.046693042,1.337753177,0.09967158
233,2017,Kosovo,5.278999805,0.951484382,0.0,0.54145205,0.260287941,0.319931448,1.137853503,0.057471618
213,2017,Bolivia,5.822999954,0.833756566,0.0,0.47363025,0.558732927,0.225560725,1.227619052,0.060477726
211,2017,Moldova,5.837999821,0.72887063,0.0,0.589465201,0.240729049,0.208779126,1.251825571,0.010091286
194,2017,Kuwait,6.105000019,1.632952452,0.0,0.632105708,0.496337593,0.228289798,1.259698749,0.21515955
196,2017,Bahrain,6.086999893,1.488412261,0.0,0.653133035,0.536746919,0.172668487,1.323110461,0.25704217
197,2017,Malaysia,6.084000111,1.29121542,0.0,0.618784428,0.402264982,0.41660893,1.284646034,0.065600708
198,2017,Nicaragua,6.071000099,0.737299204,0.0,0.653095961,0.447551847,0.301674217,1.28721571,0.130687982
199,2017,Ecuador,6.007999897,1.000820398,0.0,0.685636222,0.455198199,0.150112465,1.286168814,0.140134647
200,2017,El Salvador,6.002999783,0.909784496,0.0,0.596018553,0.43245253,0.078257985,1.182125092,0.08998096
201,2017,Poland,5.97300005,1.291787863,0.0,0.699475348,0.520342112,0.158465967,1.44571197,0.059307806
212,2017,Romania,5.824999809,1.217683911,0.0,0.685158312,0.457003742,0.133519918,1.15009129,0.004387901
202,2017,Uzbekistan,5.971000195,0.786441088,0.0,0.498272628,0.658248663,0.415983647,1.54896915,0.246528223
204,2017,Russia,5.962999821,1.281778097,0.0,0.547349334,0.373783112,0.052263822,1.469282389,0.032962881
205,2017,Belize,5.955999851,0.907975316,0.0,0.450191766,0.547509372,0.240015641,1.081417799,0.096581072
206,2017,Japan,5.920000076,1.416915178,0.0,0.913475871,0.505625546,0.120572768,1.436337829,0.163760737
207,2017,Lithuania,5.90199995,1.314582348,0.0,0.62894994,0.234231785,0.010164657,1.473516107,0.011865643
208,2017,Algeria,5.872000217,1.091864467,0.0,0.617584646,0.233335808,0.069436647,1.146217465,0.14609611
209,2017,Latvia,5.849999905,1.260748625,0.0,0.638566971,0.325707912,0.153074786,1.404714942,0.073842727
210,2017,South Korea,5.837999821,1.401678443,0.0,0.900214076,0.257921666,0.206674367,1.128274441,0.063282669
203,2017,Italy,5.964000225,1.395066619,0.0,0.853144348,0.256450713,0.172789648,1.444923282,0.028028091
195,2017,Slovakia,6.09800005,1.325393558,0.0,0.712732911,0.295817465,0.136544481,1.505059242,0.024210852
0,2018,Finland,7.632,1.305,1.592,0.874,0.681,0.202,0.0,0.393
155,2018,Burundi,2.905,0.091,0.627,0.145,0.065,0.149,0.0,0.076
55,2018,Jamaica,5.89,0.819,1.493,0.693,0.575,0.096,0.0,0.031
54,2018,Mauritius,5.891,1.09,1.387,0.684,0.584,0.245,0.0,0.05
53,2018,Japan,5.915,1.294,1.462,0.988,0.553,0.079,0.0,0.15
52,2018,Latvia,5.933,1.148,1.454,0.671,0.363,0.092,0.0,0.066
51,2018,Romania,5.945,1.116,1.219,0.726,0.528,0.088,0.0,0.001
50,2018,Slovenia,5.948,1.219,1.506,0.856,0.633,0.16,0.0,0.051
49,2018,Lithuania,5.952,1.197,1.527,0.716,0.35,0.026,0.0,0.006
48,2018,Belize,5.956,0.807,1.101,0.474,0.593,0.183,0.0,0.089
47,2018,Ecuador,5.973,0.889,1.33,0.736,0.556,0.114,0.0,0.12
46,2018,Italy,6.0,1.264,1.501,0.946,0.281,0.137,0.0,0.028
45,2018,Thailand,6.072,1.016,1.417,0.707,0.637,0.364,0.0,0.029
44,2018,Kuwait,6.083,1.474,1.301,0.675,0.554,0.167,0.0,0.106
43,2018,Uzbekistan,6.096,0.719,1.584,0.605,0.724,0.328,0.0,0.259
42,2018,Bahrain,6.105,1.338,1.366,0.698,0.594,0.243,0.0,0.123
41,2018,Poland,6.123,1.176,1.448,0.781,0.546,0.108,0.0,0.064
56,2018,South Korea,5.875,1.266,1.204,0.955,0.244,0.175,0.0,0.051
57,2018,Northern Cyprus,5.835,1.229,1.211,0.909,0.495,0.179,0.0,0.154
58,2018,Russia,5.81,1.151,1.479,0.599,0.399,0.065,0.0,0.025
59,2018,Kazakhstan,5.79,1.143,1.516,0.631,0.454,0.148,0.0,0.121
75,2018,Hong Kong,5.43,1.405,1.29,1.03,0.524,0.246,0.0,0.291
74,2018,Pakistan,5.472,0.652,0.81,0.424,0.334,0.216,0.0,0.113
73,2018,Turkey,5.483,1.148,1.38,0.686,0.324,0.106,0.0,0.109
72,2018,Belarus,5.483,1.039,1.498,0.7,0.307,0.101,0.0,0.154
71,2018,Honduras,5.504,0.62,1.205,0.622,0.459,0.197,0.0,0.074
70,2018,Philippines,5.524,0.775,1.312,0.513,0.643,0.12,0.0,0.105
69,2018,Libya,5.566,0.985,1.35,0.553,0.496,0.116,0.0,0.148
39,2018,El Salvador,6.167,0.806,1.231,0.639,0.461,0.065,0.0,0.082
68,2018,Hungary,5.62,1.171,1.401,0.732,0.259,0.061,0.0,0.022
66,2018,Moldova,5.64,0.657,1.301,0.62,0.232,0.171,0.0,0.0
65,2018,Kosovo,5.662,0.855,1.23,0.578,0.448,0.274,0.0,0.023
64,2018,Peru,5.663,0.934,1.249,0.674,0.53,0.092,0.0,0.034
63,2018,Paraguay,5.681,0.835,1.522,0.615,0.541,0.162,0.0,0.074
62,2018,Estonia,5.739,1.2,1.532,0.737,0.553,0.086,0.0,0.174
61,2018,Bolivia,5.752,0.751,1.223,0.508,0.606,0.141,0.0,0.054
60,2018,Cyprus,5.762,1.229,1.191,0.909,0.423,0.202,0.0,0.035
67,2018,Turkmenistan,5.636,1.016,1.533,0.517,0.417,0.199,0.0,0.037
76,2018,Portugal,5.41,1.188,1.429,0.884,0.562,0.055,0.0,0.017
38,2018,Slovakia,6.173,1.21,1.537,0.776,0.354,0.118,0.0,0.014
36,2018,Colombia,6.26,0.96,1.439,0.635,0.531,0.099,0.0,0.039
15,2018,Belgium,6.927,1.324,1.483,0.894,0.583,0.188,0.0,0.24
14,2018,Germany,6.965,1.34,1.474,0.861,0.586,0.273,0.0,0.28
13,2018,Ireland,6.977,1.448,1.583,0.876,0.614,0.307,0.0,0.306
12,2018,Costa Rica,7.072,1.01,1.459,0.817,0.632,0.143,0.0,0.101
11,2018,Austria,7.139,1.341,1.504,0.891,0.617,0.242,0.0,0.224
10,2018,United Kingdom,7.19,1.244,1.433,0.888,0.464,0.262,0.0,0.082
9,2018,Australia,7.272,1.34,1.573,0.91,0.647,0.361,0.0,0.302
8,2018,Sweden,7.314,1.355,1.501,0.913,0.659,0.285,0.0,0.383
7,2018,New Zealand,7.324,1.268,1.601,0.876,0.669,0.365,0.0,0.389
6,2018,Canada,7.328,1.33,1.532,0.896,0.653,0.321,0.0,0.291
5,2018,Netherlands,7.441,1.361,1.488,0.878,0.638,0.333,0.0,0.295
4,2018,Switzerland,7.487,1.42,1.549,0.927,0.66,0.256,0.0,0.357
3,2018,Iceland,7.495,1.343,1.644,0.914,0.677,0.353,0.0,0.138
2,2018,Denmark,7.555,1.351,1.59,0.868,0.683,0.284,0.0,0.408
1,2018,Norway,7.594,1.456,1.582,0.861,0.686,0.286,0.0,0.34
16,2018,Luxembourg,6.91,1.576,1.52,0.896,0.632,0.196,0.0,0.321
17,2018,United States,6.886,1.398,1.471,0.819,0.547,0.291,0.0,0.133
18,2018,Israel,6.814,1.301,1.559,0.883,0.533,0.354,0.0,0.272
19,2018,United Arab Emirates,6.774,2.096,0.776,0.67,0.284,0.186,0.0,
35,2018,Spain,6.31,1.251,1.538,0.965,0.449,0.142,0.0,0.074
34,2018,Malaysia,6.322,1.161,1.258,0.669,0.356,0.311,0.0,0.059
33,2018,Singapore,6.343,1.529,1.451,1.008,0.631,0.261,0.0,0.457
32,2018,Saudi Arabia,6.371,1.379,1.331,0.633,0.509,0.098,0.0,0.127
31,2018,Qatar,6.374,1.649,1.303,0.748,0.654,0.256,0.0,0.171
30,2018,Uruguay,6.379,1.093,1.459,0.771,0.625,0.13,0.0,0.155
29,2018,Guatemala,6.382,0.781,1.268,0.608,0.604,0.179,0.0,0.071
37,2018,Trinidad & Tobago,6.192,1.223,1.492,0.564,0.575,0.171,0.0,0.019
28,2018,Argentina,6.388,1.073,1.468,0.744,0.57,0.062,0.0,0.054
26,2018,Panama,6.43,1.112,1.438,0.759,0.597,0.125,0.0,0.063
25,2018,Taiwan,6.441,1.365,1.436,0.857,0.418,0.151,0.0,0.078
24,2018,Chile,6.476,1.131,1.331,0.808,0.431,0.197,0.0,0.061
23,2018,Mexico,6.488,1.038,1.252,0.761,0.479,0.069,0.0,0.095
22,2018,France,6.489,1.293,1.466,0.908,0.52,0.098,0.0,0.176
21,2018,Malta,6.627,1.27,1.525,0.884,0.645,0.376,0.0,0.142
20,2018,Czech Republic,6.711,1.233,1.489,0.854,0.543,0.064,0.0,0.034
27,2018,Brazil,6.419,0.986,1.474,0.675,0.493,0.11,0.0,0.088
77,2018,Serbia,5.398,0.975,1.369,0.685,0.288,0.134,0.0,0.043
40,2018,Nicaragua,6.141,0.668,1.319,0.7,0.527,0.208,0.0,0.128
79,2018,Lebanon,5.358,0.965,1.179,0.785,0.503,0.214,0.0,0.136
134,2018,Uganda,4.161,0.322,1.09,0.237,0.45,0.259,0.0,0.061
133,2018,Niger,4.166,0.131,0.867,0.221,0.39,0.175,0.0,0.099
132,2018,India,4.19,0.721,0.747,0.485,0.539,0.172,0.0,0.093
131,2018,Congo (Kinshasa),4.245,0.069,1.136,0.204,0.312,0.197,0.0,0.052
130,2018,Chad,4.301,0.358,0.907,0.053,0.189,0.181,0.0,0.06
129,2018,Myanmar,4.308,0.682,1.174,0.429,0.58,0.598,0.0,0.178
128,2018,Armenia,4.321,0.816,0.99,0.666,0.26,0.077,0.0,0.028
135,2018,Benin,4.141,0.378,0.372,0.24,0.44,0.163,0.0,0.067
127,2018,Georgia,4.34,0.853,0.592,0.643,0.375,0.038,0.0,0.215
125,2018,Mauritania,4.356,0.557,1.245,0.292,0.129,0.134,0.0,0.093
124,2018,Zambia,4.377,0.562,1.047,0.295,0.503,0.221,0.0,0.082
123,2018,Kenya,4.41,0.493,1.048,0.454,0.504,0.352,0.0,0.055
122,2018,Mozambique,4.417,0.198,0.902,0.173,0.531,0.206,0.0,0.158
121,2018,Egypt,4.419,0.885,1.025,0.553,0.312,0.092,0.0,0.107
120,2018,Burkina Faso,4.424,0.314,1.097,0.254,0.312,0.175,0.0,0.128
119,2018,Cambodia,4.433,0.549,1.088,0.457,0.696,0.256,0.0,0.065
126,2018,Ethiopia,4.35,0.308,0.95,0.391,0.452,0.22,0.0,0.146
118,2018,Namibia,4.441,0.874,1.281,0.365,0.519,0.051,0.0,0.064
136,2018,Sudan,4.139,0.605,1.24,0.312,0.016,0.134,0.0,0.082
138,2018,Togo,3.999,0.259,0.474,0.253,0.434,0.158,0.0,0.101
78,2018,Greece,5.358,1.154,1.202,0.879,0.131,0.0,0.0,0.044
153,2018,South Sudan,3.254,0.337,0.608,0.177,0.112,0.224,0.0,0.106
152,2018,Tanzania,3.303,0.455,0.991,0.381,0.481,0.27,0.0,0.097
151,2018,Yemen,3.355,0.442,1.073,0.343,0.244,0.083,0.0,0.064
150,2018,Rwanda,3.408,0.332,0.896,0.4,0.636,0.2,0.0,0.444
149,2018,Syria,3.462,0.689,0.382,0.539,0.088,0.376,0.0,0.144
148,2018,Liberia,3.495,0.076,0.858,0.267,0.419,0.206,0.0,0.03
137,2018,Ukraine,4.103,0.793,1.413,0.609,0.163,0.187,0.0,0.011
147,2018,Haiti,3.582,0.315,0.714,0.289,0.025,0.392,0.0,0.104
145,2018,Botswana,3.59,1.017,1.174,0.417,0.557,0.042,0.0,0.092
144,2018,Afghanistan,3.632,0.332,0.537,0.255,0.085,0.191,0.0,0.036
143,2018,Zimbabwe,3.692,0.357,1.094,0.248,0.406,0.132,0.0,0.099
142,2018,Madagascar,3.774,0.262,0.908,0.402,0.221,0.155,0.0,0.049
141,2018,Angola,3.795,0.73,1.125,0.269,0.0,0.079,0.0,0.061
140,2018,Lesotho,3.808,0.472,1.215,0.079,0.423,0.116,0.0,0.112
139,2018,Guinea,3.964,0.344,0.792,0.211,0.394,0.185,0.0,0.094
146,2018,Malawi,3.587,0.186,0.541,0.306,0.531,0.21,0.0,0.08
117,2018,Mali,4.447,0.37,1.233,0.152,0.367,0.139,0.0,0.056
154,2018,Central African Republic,3.083,0.024,0.0,0.01,0.305,0.218,0.0,0.038
89,2018,Jordan,5.161,0.822,1.265,0.645,0.468,0.13,0.0,0.134
95,2018,Indonesia,5.093,0.899,1.215,0.522,0.538,0.484,0.0,0.018
93,2018,Mongolia,5.125,0.914,1.517,0.575,0.395,0.253,0.0,0.032
92,2018,Bosnia and Herzegovina,5.129,0.915,1.078,0.758,0.28,0.216,0.0,0.0
91,2018,Kyrgyzstan,5.131,0.53,1.416,0.594,0.54,0.281,0.0,0.035
90,2018,Nigeria,5.155,0.689,1.172,0.048,0.462,0.201,0.0,0.032
116,2018,Iraq,4.456,1.01,0.971,0.536,0.304,0.148,0.0,0.095
88,2018,Macedonia,5.185,0.959,1.239,0.691,0.394,0.173,0.0,0.052
87,2018,Tajikistan,5.199,0.474,1.166,0.598,0.292,0.187,0.0,0.034
86,2018,Azerbaijan,5.201,1.024,1.161,0.603,0.43,0.031,0.0,0.176
85,2018,China,5.246,0.989,1.142,0.799,0.597,0.029,0.0,0.103
84,2018,Morocco,5.254,0.779,0.797,0.669,0.46,0.026,0.0,0.074
83,2018,Algeria,5.295,0.979,1.154,0.687,0.077,0.055,0.0,0.135
82,2018,Dominican Republic,5.302,0.982,1.441,0.614,0.578,0.12,0.0,0.106
81,2018,Croatia,5.321,1.115,1.161,0.737,0.38,0.12,0.0,0.039
80,2018,Montenegro,5.347,1.017,1.279,0.729,0.259,0.111,0.0,0.081
96,2018,Bhutan,5.082,0.796,1.335,0.527,0.541,0.364,0.0,0.171
97,2018,Somalia,4.982,0.0,0.712,0.115,0.674,0.238,0.0,0.282
94,2018,Vietnam,5.103,0.715,1.365,0.702,0.618,0.177,0.0,0.079
99,2018,Bulgaria,4.933,1.054,1.515,0.712,0.359,0.064,0.0,0.009
115,2018,Sri Lanka,4.471,0.918,1.314,0.672,0.585,0.307,0.0,0.05
114,2018,Bangladesh,4.5,0.532,0.85,0.579,0.58,0.153,0.0,0.144
113,2018,Congo (Brazzaville),4.559,0.682,0.811,0.343,0.514,0.091,0.0,0.077
112,2018,Sierra Leone,4.571,0.256,0.813,0.0,0.355,0.238,0.0,0.053
111,2018,Albania,4.586,0.916,0.817,0.79,0.419,0.149,0.0,0.032
98,2018,Cameroon,4.975,0.535,0.891,0.182,0.454,0.183,0.0,0.043
109,2018,Laos,4.623,0.72,1.034,0.441,0.626,0.23,0.0,0.174
108,2018,Senegal,4.631,0.429,1.117,0.433,0.406,0.138,0.0,0.082
110,2018,Tunisia,4.592,0.9,0.906,0.69,0.271,0.04,0.0,0.063
106,2018,Ivory Coast,4.671,0.541,0.872,0.08,0.467,0.146,0.0,0.103
105,2018,Iran,4.707,1.059,0.771,0.691,0.459,0.282,0.0,0.129
104,2018,South Africa,4.724,0.94,1.41,0.33,0.516,0.103,0.0,0.056
103,2018,Palestinian Territories,4.743,0.642,1.217,0.602,0.266,0.086,0.0,0.076
102,2018,Gabon,4.758,1.036,1.164,0.404,0.356,0.032,0.0,0.052
101,2018,Venezuela,4.806,0.996,1.469,0.657,0.133,0.056,0.0,0.052
100,2018,Nepal,4.88,0.425,1.228,0.539,0.526,0.302,0.0,0.078
107,2018,Ghana,4.657,0.592,0.896,0.337,0.499,0.212,0.0,0.029
572,2019,Laos,4.796,0.764,1.03,0.551,0.547,0.266,0.0,0.164
566,2019,Ivory Coast,4.944,0.569,0.808,0.232,0.352,0.154,0.0,0.09
567,2019,Nepal,4.913,0.446,1.226,0.677,0.439,0.285,0.0,0.089
568,2019,Jordan,4.906,0.837,1.225,0.815,0.383,0.11,0.0,0.13
569,2019,Benin,4.883,0.393,0.437,0.397,0.349,0.175,0.0,0.082
570,2019,Congo (Brazzaville),4.812,0.673,0.799,0.508,0.372,0.105,0.0,0.093
571,2019,Gabon,4.799,1.057,1.183,0.571,0.295,0.043,0.0,0.055
573,2019,South Africa,4.722,0.96,1.351,0.469,0.389,0.13,0.0,0.055
546,2019,Turkey,5.373,1.183,1.36,0.808,0.195,0.083,0.0,0.106
575,2019,Venezuela,4.707,0.96,1.427,0.805,0.154,0.064,0.0,0.047
576,2019,Cambodia,4.7,0.574,1.122,0.637,0.609,0.232,0.0,0.062
577,2019,Palestinian Territories,4.696,0.657,1.247,0.672,0.225,0.103,0.0,0.066
578,2019,Senegal,4.681,0.45,1.134,0.571,0.292,0.153,0.0,0.072
579,2019,Somalia,4.668,0.0,0.698,0.268,0.559,0.243,0.0,0.27
580,2019,Namibia,4.639,0.879,1.313,0.477,0.401,0.07,0.0,0.056
581,2019,Niger,4.628,0.138,0.774,0.366,0.318,0.188,0.0,0.102
574,2019,Albania,4.719,0.947,0.848,0.874,0.383,0.178,0.0,0.027
565,2019,Ghana,4.996,0.611,0.868,0.486,0.381,0.245,0.0,0.04
547,2019,Malaysia,5.339,1.221,1.171,0.828,0.508,0.26,0.0,0.024
563,2019,Cameroon,5.044,0.549,0.91,0.331,0.381,0.187,0.0,0.037
582,2019,Burkina Faso,4.587,0.331,1.056,0.38,0.255,0.177,0.0,0.113
548,2019,Belarus,5.323,1.067,1.465,0.789,0.235,0.094,0.0,0.142
549,2019,Greece,5.287,1.181,1.156,0.999,0.067,0.0,0.0,0.034
550,2019,Mongolia,5.285,0.948,1.531,0.667,0.317,0.235,0.0,0.038
551,2019,North Macedonia,5.274,0.983,1.294,0.838,0.345,0.185,0.0,0.034
552,2019,Nigeria,5.265,0.696,1.111,0.245,0.426,0.215,0.0,0.041
553,2019,Kyrgyzstan,5.261,0.551,1.438,0.723,0.508,0.3,0.0,0.023
564,2019,Bulgaria,5.011,1.092,1.513,0.815,0.311,0.081,0.0,0.004
554,2019,Turkmenistan,5.247,1.052,1.538,0.657,0.394,0.244,0.0,0.028
556,2019,Morocco,5.208,0.801,0.782,0.782,0.418,0.036,0.0,0.076
557,2019,Azerbaijan,5.208,1.043,1.147,0.769,0.351,0.035,0.0,0.182
558,2019,Lebanon,5.197,0.987,1.224,0.815,0.216,0.166,0.0,0.027
559,2019,Indonesia,5.192,0.931,1.203,0.66,0.491,0.498,0.0,0.028
560,2019,China,5.191,1.029,1.125,0.893,0.521,0.058,0.0,0.1
561,2019,Vietnam,5.175,0.741,1.346,0.851,0.543,0.147,0.0,0.073
562,2019,Bhutan,5.082,0.813,1.321,0.604,0.457,0.37,0.0,0.167
555,2019,Algeria,5.211,1.002,1.16,0.785,0.086,0.073,0.0,0.114
583,2019,Armenia,4.559,0.85,1.055,0.815,0.283,0.095,0.0,0.064
602,2019,Swaziland,4.212,0.811,1.149,0.0,0.313,0.074,0.0,0.135
585,2019,Guinea,4.534,0.38,0.829,0.375,0.332,0.207,0.0,0.086
607,2019,India,4.015,0.755,0.765,0.588,0.498,0.2,0.0,0.085
608,2019,Liberia,3.975,0.073,0.922,0.443,0.37,0.233,0.0,0.033
609,2019,Comoros,3.973,0.274,0.757,0.505,0.142,0.275,0.0,0.078
610,2019,Madagascar,3.933,0.274,0.916,0.555,0.148,0.169,0.0,0.041
611,2019,Lesotho,3.802,0.489,1.169,0.168,0.359,0.107,0.0,0.093
612,2019,Burundi,3.775,0.046,0.447,0.38,0.22,0.176,0.0,0.18
613,2019,Zimbabwe,3.663,0.366,1.114,0.433,0.361,0.151,0.0,0.089
614,2019,Haiti,3.597,0.323,0.688,0.449,0.026,0.419,0.0,0.11
615,2019,Botswana,3.488,1.041,1.145,0.538,0.455,0.025,0.0,0.1
616,2019,Syria,3.462,0.619,0.378,0.44,0.013,0.331,0.0,0.141
617,2019,Malawi,3.41,0.191,0.56,0.495,0.443,0.218,0.0,0.089
618,2019,Yemen,3.38,0.287,1.163,0.463,0.143,0.108,0.0,0.077
619,2019,Rwanda,3.334,0.359,0.711,0.614,0.555,0.217,0.0,0.411
620,2019,Tanzania,3.231,0.476,0.885,0.499,0.417,0.276,0.0,0.147
621,2019,Afghanistan,3.203,0.35,0.517,0.361,0.0,0.158,0.0,0.025
606,2019,Togo,4.085,0.275,0.572,0.41,0.293,0.177,0.0,0.085
605,2019,Zambia,4.107,0.578,1.058,0.426,0.431,0.247,0.0,0.087
604,2019,Egypt,4.166,0.913,1.039,0.644,0.241,0.076,0.0,0.067
603,2019,Uganda,4.189,0.332,1.069,0.443,0.356,0.252,0.0,0.06
586,2019,Georgia,4.519,0.886,0.666,0.752,0.346,0.043,0.0,0.164
587,2019,Gambia,4.516,0.308,0.939,0.428,0.382,0.269,0.0,0.167
588,2019,Kenya,4.509,0.512,0.983,0.581,0.431,0.372,0.0,0.053
589,2019,Mauritania,4.49,0.57,1.167,0.489,0.066,0.106,0.0,0.088
590,2019,Mozambique,4.466,0.204,0.986,0.39,0.494,0.197,0.0,0.138
591,2019,Tunisia,4.461,0.921,1.0,0.815,0.167,0.059,0.0,0.055
592,2019,Bangladesh,4.456,0.562,0.928,0.723,0.527,0.166,0.0,0.143
584,2019,Iran,4.548,1.1,0.842,0.785,0.305,0.27,0.0,0.125
593,2019,Iraq,4.437,1.043,0.98,0.574,0.241,0.148,0.0,0.089
595,2019,Mali,4.39,0.385,1.105,0.308,0.327,0.153,0.0,0.052
596,2019,Sierra Leone,4.374,0.268,0.841,0.242,0.309,0.252,0.0,0.045
597,2019,Sri Lanka,4.366,0.949,1.265,0.831,0.47,0.244,0.0,0.047
598,2019,Myanmar,4.36,0.71,1.181,0.555,0.525,0.566,0.0,0.172
599,2019,Chad,4.35,0.35,0.766,0.192,0.174,0.198,0.0,0.078
600,2019,Ukraine,4.332,0.82,1.39,0.739,0.178,0.187,0.0,0.01
601,2019,Ethiopia,4.286,0.336,1.033,0.532,0.344,0.209,0.0,0.1
594,2019,Congo (Kinshasa),4.418,0.094,1.125,0.357,0.269,0.212,0.0,0.053
545,2019,Bosnia and Herzegovina,5.386,0.945,1.212,0.845,0.212,0.263,0.0,0.006
468,2019,Finland,7.769,1.34,1.587,0.986,0.596,0.153,0.0,0.393
543,2019,Hong Kong,5.43,1.438,1.277,1.122,0.44,0.258,0.0,0.287
488,2019,United Arab Emirates,6.825,1.503,1.31,0.825,0.598,0.262,0.0,0.182
489,2019,Malta,6.726,1.3,1.52,0.999,0.564,0.375,0.0,0.151
490,2019,Mexico,6.595,1.07,1.323,0.861,0.433,0.074,0.0,0.073
491,2019,France,6.592,1.324,1.472,1.045,0.436,0.111,0.0,0.183
492,2019,Taiwan,6.446,1.368,1.43,0.914,0.351,0.242,0.0,0.097
493,2019,Chile,6.444,1.159,1.369,0.92,0.357,0.187,0.0,0.056
494,2019,Guatemala,6.436,0.8,1.269,0.746,0.535,0.175,0.0,0.078
495,2019,Saudi Arabia,6.375,1.403,1.357,0.795,0.439,0.08,0.0,0.132
496,2019,Qatar,6.374,1.684,1.313,0.871,0.555,0.22,0.0,0.167
497,2019,Spain,6.354,1.286,1.484,1.062,0.362,0.153,0.0,0.079
498,2019,Panama,6.321,1.149,1.442,0.91,0.516,0.109,0.0,0.054
499,2019,Brazil,6.3,1.004,1.439,0.802,0.39,0.099,0.0,0.086
500,2019,Uruguay,6.293,1.124,1.465,0.891,0.523,0.127,0.0,0.15
501,2019,Singapore,6.262,1.572,1.463,1.141,0.556,0.271,0.0,0.453
502,2019,El Salvador,6.253,0.794,1.242,0.789,0.43,0.093,0.0,0.074
487,2019,Czech Republic,6.852,1.269,1.487,0.92,0.457,0.046,0.0,0.036
486,2019,United States,6.892,1.433,1.457,0.874,0.454,0.28,0.0,0.128
485,2019,Belgium,6.923,1.356,1.504,0.986,0.473,0.16,0.0,0.21
484,2019,Germany,6.985,1.373,1.454,0.987,0.495,0.261,0.0,0.265
622,2019,Central African Republic,3.083,0.026,0.0,0.105,0.225,0.235,0.0,0.035
469,2019,Denmark,7.6,1.383,1.573,0.996,0.592,0.252,0.0,0.41
470,2019,Norway,7.554,1.488,1.582,1.028,0.603,0.271,0.0,0.341
471,2019,Iceland,7.494,1.38,1.624,1.026,0.591,0.354,0.0,0.118
472,2019,Netherlands,7.488,1.396,1.522,0.999,0.557,0.322,0.0,0.298
473,2019,Switzerland,7.48,1.452,1.526,1.052,0.572,0.263,0.0,0.343
474,2019,Sweden,7.343,1.387,1.487,1.009,0.574,0.267,0.0,0.373
503,2019,Italy,6.223,1.294,1.488,1.039,0.231,0.158,0.0,0.03
475,2019,New Zealand,7.307,1.303,1.557,1.026,0.585,0.33,0.0,0.38
477,2019,Austria,7.246,1.376,1.475,1.016,0.532,0.244,0.0,0.226
478,2019,Australia,7.228,1.372,1.548,1.036,0.557,0.332,0.0,0.29
479,2019,Costa Rica,7.167,1.034,1.441,0.963,0.558,0.144,0.0,0.093
480,2019,Israel,7.139,1.276,1.455,1.029,0.371,0.261,0.0,0.082
481,2019,Luxembourg,7.09,1.609,1.479,1.012,0.526,0.194,0.0,0.316
482,2019,United Kingdom,7.054,1.333,1.538,0.996,0.45,0.348,0.0,0.278
483,2019,Ireland,7.021,1.499,1.553,0.999,0.516,0.298,0.0,0.31
476,2019,Canada,7.278,1.365,1.505,1.039,0.584,0.285,0.0,0.308
504,2019,Bahrain,6.199,1.362,1.368,0.871,0.536,0.255,0.0,0.11
505,2019,Slovakia,6.198,1.246,1.504,0.881,0.334,0.121,0.0,0.014
506,2019,Trinidad & Tobago,6.192,1.231,1.477,0.713,0.489,0.185,0.0,0.016
527,2019,Kazakhstan,5.809,1.173,1.508,0.729,0.41,0.146,0.0,0.096
528,2019,Bolivia,5.779,0.776,1.209,0.706,0.511,0.137,0.0,0.064
529,2019,Hungary,5.758,1.201,1.41,0.828,0.199,0.081,0.0,0.02
530,2019,Paraguay,5.743,0.855,1.475,0.777,0.514,0.184,0.0,0.08
531,2019,Northern Cyprus,5.718,1.263,1.252,1.042,0.417,0.191,0.0,0.162
532,2019,Peru,5.697,0.96,1.274,0.854,0.455,0.083,0.0,0.027
533,2019,Portugal,5.693,1.221,1.431,0.999,0.508,0.047,0.0,0.025
526,2019,Honduras,5.86,0.642,1.236,0.828,0.507,0.246,0.0,0.078
534,2019,Pakistan,5.653,0.677,0.886,0.535,0.313,0.22,0.0,0.098
536,2019,Philippines,5.631,0.807,1.293,0.657,0.558,0.117,0.0,0.107
537,2019,Serbia,5.603,1.004,1.383,0.854,0.282,0.137,0.0,0.039
538,2019,Moldova,5.529,0.685,1.328,0.739,0.245,0.181,0.0,0.0
539,2019,Libya,5.525,1.044,1.303,0.673,0.416,0.133,0.0,0.152
540,2019,Montenegro,5.523,1.051,1.361,0.871,0.197,0.142,0.0,0.08
541,2019,Tajikistan,5.467,0.493,1.098,0.718,0.389,0.23,0.0,0.144
542,2019,Croatia,5.432,1.155,1.266,0.914,0.296,0.119,0.0,0.022
535,2019,Russia,5.648,1.183,1.452,0.726,0.334,0.082,0.0,0.031
544,2019,Dominican Republic,5.425,1.015,1.401,0.779,0.497,0.113,0.0,0.101
525,2019,Japan,5.886,1.327,1.419,1.088,0.445,0.069,0.0,0.14
523,2019,Jamaica,5.89,0.831,1.478,0.831,0.49,0.107,0.0,0.028
507,2019,Poland,6.182,1.206,1.438,0.884,0.483,0.117,0.0,0.05
508,2019,Uzbekistan,6.174,0.745,1.529,0.756,0.631,0.322,0.0,0.24
509,2019,Lithuania,6.149,1.238,1.515,0.818,0.291,0.043,0.0,0.042
510,2019,Colombia,6.125,0.985,1.41,0.841,0.47,0.099,0.0,0.034
511,2019,Slovenia,6.118,1.258,1.523,0.953,0.564,0.144,0.0,0.057
512,2019,Nicaragua,6.105,0.694,1.325,0.835,0.435,0.2,0.0,0.127
513,2019,Kosovo,6.1,0.882,1.232,0.758,0.489,0.262,0.0,0.006
524,2019,Mauritius,5.888,1.12,1.402,0.798,0.498,0.215,0.0,0.06
514,2019,Argentina,6.086,1.092,1.432,0.881,0.471,0.066,0.0,0.05
516,2019,Cyprus,6.046,1.263,1.223,1.042,0.406,0.19,0.0,0.041
517,2019,Ecuador,6.028,0.912,1.312,0.868,0.498,0.126,0.0,0.087
518,2019,Kuwait,6.021,1.5,1.319,0.808,0.493,0.142,0.0,0.097
519,2019,Thailand,6.008,1.05,1.409,0.828,0.557,0.359,0.0,0.028
520,2019,Latvia,5.94,1.187,1.465,0.812,0.264,0.075,0.0,0.064
521,2019,South Korea,5.895,1.301,1.219,1.036,0.159,0.175,0.0,0.056
522,2019,Estonia,5.893,1.237,1.528,0.874,0.495,0.103,0.0,0.161
515,2019,Romania,6.07,1.162,1.232,0.825,0.462,0.083,0.0,0.005
623,2019,South Sudan,2.853,0.306,0.575,0.295,0.01,0.202,0.0,0.091
